{"cameraMode":{"drawMode":0,"name":"Shaded","section":"Shading Mode"},"sceneLighting":true,"audioPlay":false,"sceneViewState":{"m_AlwaysRefresh":false,"showFog":true,"showSkybox":true,"showFlares":true,"showImageEffects":true,"showParticleSystems":true,"showVisualEffectGraphs":true,"m_FxEnabled":true},"in2DMode":false,"pivot":{"x":45.50506591796875,"y":34.05239486694336,"z":-38.261165618896487},"rotation":{"x":0.1539665311574936,"y":-0.1461607664823532,"z":0.023007160052657129,"w":0.9769444465637207},"size":1.9972801208496094,"orthographic":false}