{"cameraMode":{"drawMode":0,"name":"Shaded","section":"Shading Mode"},"sceneLighting":true,"audioPlay":false,"sceneViewState":{"m_AlwaysRefresh":false,"showFog":true,"showSkybox":true,"showFlares":true,"showImageEffects":true,"showParticleSystems":true,"showVisualEffectGraphs":true,"m_FxEnabled":true},"in2DMode":false,"pivot":{"x":58.50733184814453,"y":24.718339920043947,"z":221.37637329101563},"rotation":{"x":0.23273561894893647,"y":0.13710767030715943,"z":-0.033255793154239658,"w":0.9622958302497864},"size":16.477663040161134,"orthographic":false}