{"cameraMode":{"drawMode":0,"name":"Shaded","section":"Shading Mode"},"sceneLighting":true,"audioPlay":false,"sceneViewState":{"m_AlwaysRefresh":false,"showFog":true,"showSkybox":true,"showFlares":true,"showImageEffects":true,"showParticleSystems":true,"showVisualEffectGraphs":true,"m_FxEnabled":true},"in2DMode":false,"pivot":{"x":49.28165817260742,"y":26.416624069213868,"z":234.9616241455078},"rotation":{"x":0.03289074823260307,"y":0.8124821186065674,"z":-0.046905070543289188,"w":0.580313503742218},"size":2.9079041481018068,"orthographic":false}